{
  "project_info": {
    "project_number": "585446230291",
    "project_id": "sample1-30a32",
    "storage_bucket": "sample1-30a32.appspot.com"
  },
  "client": [
    {
      "client_info": {
        "mobilesdk_app_id": "1:585446230291:android:3974e5453298c2976132e6",
        "android_client_info": {
          "package_name": "com.example.sample1"
        }
      },
      "oauth_client": [
        {
          "client_id": "585446230291-4c3opaprb2j13efmds96jlev2r3ce16g.apps.googleusercontent.com",
          "client_type": 3
        }
      ],
      "api_key": [
        {
          "current_key": "AIzaSyCa2lfyPOnCJI9r1E3U8zNZUwV-LQOqhp8"
        }
      ],
      "services": {
        "appinvite_service": {
          "other_platform_oauth_client": [
            {
              "client_id": "585446230291-4c3opaprb2j13efmds96jlev2r3ce16g.apps.googleusercontent.com",
              "client_type": 3
            }
          ]
        }
      }
    }
  ],
  "configuration_version": "1"
}