{
  "project_info": {
    "project_number": "178205718141",
    "project_id": "modernloginregister-e116d",
    "storage_bucket": "modernloginregister-e116d.appspot.com"
  },
  "client": [
    {
      "client_info": {
        "mobilesdk_app_id": "1:178205718141:android:a9f48797213688d0586314",
        "android_client_info": {
          "package_name": "com.amier.modernloginregister"
        }
      },
      "oauth_client": [
        {
          "client_id": "178205718141-ta7e38so5cfkgdkd0th9chst094qgpam.apps.googleusercontent.com",
          "client_type": 3
        }
      ],
      "api_key": [
        {
          "current_key": "AIzaSyBeTc_OgLytMek2pE3QBYKq0K8pC9ejLAM"
        }
      ],
      "services": {
        "appinvite_service": {
          "other_platform_oauth_client": [
            {
              "client_id": "178205718141-ta7e38so5cfkgdkd0th9chst094qgpam.apps.googleusercontent.com",
              "client_type": 3
            }
          ]
        }
      }
    }
  ],
  "configuration_version": "1"
}