{
  "project_info": {
    "project_number": "222330862632",
    "project_id": "mad-project-4cb6c",
    "storage_bucket": "mad-project-4cb6c.appspot.com"
  },
  "client": [
    {
      "client_info": {
        "mobilesdk_app_id": "1:222330862632:android:4753e7e4932eba76f6491d",
        "android_client_info": {
          "package_name": "com.amier.modernloginregister"
        }
      },
      "oauth_client": [
        {
          "client_id": "222330862632-etblqh7f1g8blte6cmc0hukekhjh9imh.apps.googleusercontent.com",
          "client_type": 3
        }
      ],
      "api_key": [
        {
          "current_key": "AIzaSyDAgBFsawPhdxjjKsk4mUO1sbqnw_trUvY"
        }
      ],
      "services": {
        "appinvite_service": {
          "other_platform_oauth_client": [
            {
              "client_id": "222330862632-etblqh7f1g8blte6cmc0hukekhjh9imh.apps.googleusercontent.com",
              "client_type": 3
            }
          ]
        }
      }
    }
  ],
  "configuration_version": "1"
}