{
  "project_info": {
    "project_number": "224620790282",
    "firebase_url": "https://newone-c424c-default-rtdb.firebaseio.com",
    "project_id": "newone-c424c",
    "storage_bucket": "newone-c424c.appspot.com"
  },
  "client": [
    {
      "client_info": {
        "mobilesdk_app_id": "1:224620790282:android:944f11e3df8c157841d5f3",
        "android_client_info": {
          "package_name": "com.example.newone"
        }
      },
      "oauth_client": [
        {
          "client_id": "224620790282-328i9b3iejccmj1a0kc88dlgsqm6bkrr.apps.googleusercontent.com",
          "client_type": 3
        }
      ],
      "api_key": [
        {
          "current_key": "AIzaSyCT_1nFTWz-5zVJ62LaWU0NkqzlJWw28Vo"
        }
      ],
      "services": {
        "appinvite_service": {
          "other_platform_oauth_client": [
            {
              "client_id": "224620790282-328i9b3iejccmj1a0kc88dlgsqm6bkrr.apps.googleusercontent.com",
              "client_type": 3
            }
          ]
        }
      }
    }
  ],
  "configuration_version": "1"
}