{
  "project_info": {
    "project_number": "149615358457",
    "project_id": "sample1-6085c",
    "storage_bucket": "sample1-6085c.appspot.com"
  },
  "client": [
    {
      "client_info": {
        "mobilesdk_app_id": "1:149615358457:android:b6f2731ad6a582c7050d28",
        "android_client_info": {
          "package_name": "com.example.sample1"
        }
      },
      "oauth_client": [
        {
          "client_id": "149615358457-qps1au71vkio48ho11doe58bqbcafkfg.apps.googleusercontent.com",
          "client_type": 3
        }
      ],
      "api_key": [
        {
          "current_key": "AIzaSyBq75VltCsws2wH08X0GOACZFW13azQCx0"
        }
      ],
      "services": {
        "appinvite_service": {
          "other_platform_oauth_client": [
            {
              "client_id": "149615358457-qps1au71vkio48ho11doe58bqbcafkfg.apps.googleusercontent.com",
              "client_type": 3
            }
          ]
        }
      }
    }
  ],
  "configuration_version": "1"
}